entity,year,access_electricity,access_clean_fuels,renewable_capacity_pc,financial_flows,renewable_share,fossil_fuels_elec,nuclear_elec,renewables_elec,low_carbon_elec,energy_pc,energy_intensity,co2_emissions,renewables_pc,gdp_growth,gdp_pc,Density\n(P/Km2),land_area,latitude,longitude
Algeria,2001,98.96687,97.3,8.79,810000.0,0.43,24.96,0.0,0.07,0.2796644,9961.64,4.07,78650.0,0.065218486,0.39320755013970343,1740.606654,18,2381741.0,28.033886,1.659626
Algeria,2002,98.95306,97.8,8.68,310000.0,0.51,25.94,0.0,0.06,0.23076923,10180.35,4.12,82400.00153,0.05167677,0.5382954286294912,1781.828908,18,2381741.0,28.033886,1.659626
Algeria,2003,98.93401,98.0,8.57,90000.0,0.47,27.54,0.0,0.26,0.93525183,10510.461,4.08,88190.00244,0.228104,0.6275802769308991,2103.381291,18,2381741.0,28.033886,1.659626
Algeria,2004,98.91208,98.2,8.46,140000.0,0.44,29.14,0.0,0.25,0.8506295,10759.022,3.96,89489.99786,0.2067869,0.4657514893845973,2610.185422,18,2381741.0,28.033886,1.659626
Algeria,2005,98.88961,98.5,8.34,160000.0,0.58,31.36,0.0,0.55,1.7235976,11113.723,3.9,94190.00244,0.43411878,0.5550363376860052,3113.094883,18,2381741.0,28.033886,1.659626
Algeria,2009,98.845184,99.1,6.44,2190000.0,0.31,35.91,0.0,0.3,0.8285005,12753.12,4.48,112169.9982,0.21278548,0.3150833078759715,3883.2709,18,2381741.0,28.033886,1.659626
Algeria,2010,98.85893,99.2,7.02,400000.0,0.26,42.82,0.0,0.17,0.3954408,12243.156,4.42,114180.0003,0.11513238,0.4266893682527314,4480.786318,18,2381741.0,28.033886,1.659626
Algeria,2011,98.88803,99.3,6.89,0.0,0.18,47.67,0.0,0.5,1.0379905,12710.541,4.47,120790.0009,0.2352599,0.3876272471208654,5455.679403,18,2381741.0,28.033886,1.659626
Algeria,2012,98.76466,99.4,6.76,940000.0,0.18,53.36,0.0,0.62,1.1485735,13624.909,4.72,134929.9927,0.22453195,0.4155287622150554,5592.220115,18,2381741.0,28.033886,1.659626
Algeria,2013,99.002205,99.4,6.62,940000.0,0.13,55.99,0.0,0.33,0.5859375,14130.735,4.76,139020.0043,0.064763196,0.38204694410202744,5499.587331,18,2381741.0,28.033886,1.659626
Algeria,2014,99.08701,99.5,6.78,940000.0,0.07,60.15,0.0,0.25,0.41390726,15108.635,5.0,147740.0055,0.117502466,0.4378499742904074,5493.056695,18,2381741.0,28.033886,1.659626
Algeria,2015,99.18666,99.5,7.85,890000.0,0.06,64.46,0.0,0.22,0.34013605,15616.311,5.05,156270.0043,0.096813366,0.4322696712715694,4177.889542,18,2381741.0,28.033886,1.659626
Algeria,2016,99.35025,99.6,11.88,160000.0,0.08,66.43,0.0,0.34,0.50921077,15295.143,4.85,154910.0037,0.14580712,0.4043681561773794,3946.452447,18,2381741.0,28.033886,1.659626
Algeria,2017,99.63549,99.6,16.02,10000.0,0.14,70.86,0.0,0.64,0.8951049,15164.0,4.93,158339.9963,0.24701829,0.2983423988194575,4109.698217,18,2381741.0,28.033886,1.659626
Algeria,2018,99.69784,99.6,16.25,50000.0,0.19,71.32,0.0,0.78,1.0818309,15971.084,5.19,165539.9933,0.28767928,0.2871817927817815,4142.018558,18,2381741.0,28.033886,1.659626
Algeria,2019,99.5,99.7,15.93,60000.0,0.16,75.85,0.0,0.84,1.0953188,16259.053,5.32,171250.0,0.29474697,0.2816014897629435,3989.668276,18,2381741.0,28.033886,1.659626
Argentina,2001,95.51106,95.6,234.09,3890000.0,11.51,42.91,6.54,37.04,50.38733,18210.12,3.59,125260.0,15.937488,0.0,7208.373114,17,2780400.0,-38.416097,-63.616672
Argentina,2003,96.442635,96.45,234.82,50000.0,10.82,46.73,7.03,34.38,46.982075,18326.521,3.97,127660.0037,14.408259,0.7189321138896967,3349.8063,17,2780400.0,-38.416097,-63.616672
Argentina,2004,96.6535,97.2,236.15,40960000.0,9.29,57.35,7.31,31.03,40.066883,19261.457,4.04,141380.0049,12.1855755,0.729676011078456,4277.721573,17,2780400.0,-38.416097,-63.616672
Argentina,2005,96.863846,97.5,234.67,280000.0,9.64,59.89,6.37,34.6,40.620663,20232.844,3.68,145990.0055,12.788524,0.7197479053075964,5109.852245,17,2780400.0,-38.416097,-63.616672
Argentina,2006,97.07606,98.1,232.56,440000.0,9.18,65.58,7.15,38.67,41.131058,21038.723,3.58,154899.9939,13.449462,0.6748538976595305,5919.012338,17,2780400.0,-38.416097,-63.616672
Argentina,2007,97.29279,98.3,236.6,360000.0,7.72,72.95,6.72,31.18,34.19035,21708.37,3.44,162809.9976,10.599154,0.7284526732785755,7245.446857,17,2780400.0,-38.416097,-63.616672
Argentina,2008,97.516754,98.6,234.79,22940000.0,7.65,76.62,6.85,31.28,33.22876,21780.38,3.42,167229.9957,10.437064,0.452204360902567,9020.873323,17,2780400.0,-38.416097,-63.616672
Argentina,2009,97.750656,98.9,241.83,39080000.0,8.59,74.01,7.59,34.7,36.362854,20954.271,3.35,156570.0073,11.783506,0.0,8225.137583,17,2780400.0,-38.416097,-63.616672
Argentina,2010,98.82,99.1,239.96,1040000.0,8.79,78.54,6.69,34.41,34.353058,21507.703,3.26,167220.0012,11.661375,0.7908263587664103,10385.96443,17,2780400.0,-38.416097,-63.616672
Argentina,2011,99.09535,99.3,251.14,69260000.0,8.83,84.43,5.89,32.43,31.217922,21894.867,3.18,176639.9994,10.929448,0.5608371571486175,12848.8642,17,2780400.0,-38.416097,-63.616672
Argentina,2012,99.22998,99.5,252.14,256070000.0,8.61,91.86,5.9,30.93,28.619164,22494.715,3.3,177960.0067,10.216426,0.16852108799403095,13082.66433,17,2780400.0,-38.416097,-63.616672
Argentina,2013,99.342674,99.6,250.97,47820000.0,8.91,91.55,5.73,35.03,30.806438,23152.588,3.31,183250.0,10.950079,0.36002281513853474,13080.25473,17,2780400.0,-38.416097,-63.616672
Argentina,2014,100.0,99.7,248.74,2472850000.0,9.79,92.18,5.26,34.37,30.066004,22881.006,3.4,179600.0061,11.038978,0.08558691096501464,12334.79825,17,2780400.0,-38.416097,-63.616672
Argentina,2015,99.62539,99.7,247.37,109830000.0,9.4,97.18,6.64,33.97,29.472387,23046.873,3.36,185550.0031,10.907397,0.3782054539057382,13789.06042,17,2780400.0,-38.416097,-63.616672
Argentina,2016,99.84958,99.8,245.23,250160000.0,9.38,100.8,7.82,31.02,27.81438,22726.455,3.41,183160.0037,10.167007,0.10970986209410423,12790.24247,17,2780400.0,-38.416097,-63.616672
Argentina,2017,100.0,99.8,244.82,503740000.0,10.37,99.4,5.77,33.4,28.267298,22503.818,3.32,179320.0073,10.964719,0.38307946634193635,14613.04182,17,2780400.0,-38.416097,-63.616672
Argentina,2018,99.98958,99.8,259.47,492720000.0,10.52,98.31,6.51,34.97,29.673082,22163.16,3.31,176899.9939,11.39763,0.07973980573481573,11795.15939,17,2780400.0,-38.416097,-63.616672
Argentina,2019,100.0,99.9,283.38,474460000.0,10.74,90.56,7.97,34.63,31.991589,20725.168,3.35,168100.0061,11.926772,0.11274519018758011,10056.63794,17,2780400.0,-38.416097,-63.616672
Azerbaijan,2000,98.908226,70.3,113.51,4880000.0,2.07,16.13,0.0,1.52,8.611898,16123.289,14.46,27690.0,3.446014,0.8452120667640658,655.1199452,123,86600.0,40.143105,47.576927
Azerbaijan,2005,99.221596,85.2,113.6,2230000.0,3.36,17.12,0.0,2.98,14.8258705,19273.648,9.28,30040.00092,5.1650033,1.0,1578.40239,123,86600.0,40.143105,47.576927
Azerbaijan,2006,99.5,87.4,118.77,480000.0,2.86,19.83,0.0,2.49,11.155914,18724.746,6.8,30489.99977,4.3662996,1.0,2473.081819,123,86600.0,40.143105,47.576927
Azerbaijan,2009,99.854225,92.1,110.83,170000.0,3.27,15.57,0.0,2.29,12.821948,14348.922,4.21,25500.0,4.8711276,0.7445637111005351,4950.294791,123,86600.0,40.143105,47.576927
Azerbaijan,2010,99.943794,93.1,110.41,187390000.0,4.45,14.34,0.0,3.41,19.211267,13958.922,3.82,24309.99947,7.311432,0.5075448656663215,5843.533768,123,86600.0,40.143105,47.576927
Azerbaijan,2011,99.9,94.0,109.22,20000.0,3.55,16.57,0.0,2.65,13.787722,15663.72,4.2,27280.00069,5.077954,0.2313787625934016,7189.691229,123,86600.0,40.143105,47.576927
Azerbaijan,2014,100.0,95.5,117.84,20000.0,2.12,22.03,0.0,1.29,5.5317326,16145.47,4.3,32240.00168,2.433617,0.37928508640300485,7891.313147,123,86600.0,40.143105,47.576927
Azerbaijan,2015,100.0,95.9,119.91,77640000.0,2.33,21.66,0.0,1.62,6.9587626,17438.53,4.26,31770.00046,2.757688,0.28684562673426006,5500.310382,123,86600.0,40.143105,47.576927
Azerbaijan,2016,100.0,96.2,121.57,10000.0,1.94,21.57,0.0,2.0,8.485363,17089.488,4.35,32240.00168,3.345908,0.05280906599058577,3880.738731,123,86600.0,40.143105,47.576927
Azerbaijan,2017,100.0,96.4,121.23,20000.0,1.91,21.17,0.0,1.79,7.7961674,16612.637,4.37,31959.99908,3.0498044,0.2369590656122396,4147.089716,123,86600.0,40.143105,47.576927
Bangladesh,2000,32.0,8.3,1.8,3010000.0,59.06,13.93,0.0,0.94,6.3214526,1053.6212,3.14,21650.0,1.6270727,0.5211803445191097,418.0689421,"1,265",148460.0,23.684994,90.356331
Bangladesh,2002,37.85107,8.4,1.74,32180000.0,54.33,16.55,0.0,1.05,5.9659085,1163.1385,3.23,27430.00031,1.3622075,0.43969839051418547,413.0802826,"1,265",148460.0,23.684994,90.356331
Bangladesh,2003,40.66426,8.6,1.71,46690000.0,52.62,17.47,0.0,1.12,6.0247445,1208.1465,3.2,28629.99916,1.2784041,0.490280682220822,446.3106757,"1,265",148460.0,23.684994,90.356331
Bangladesh,2004,40.6,8.9,1.69,17170000.0,52.05,22.05,0.0,1.21,5.2020636,1261.467,3.1,30530.00069,1.2296964,0.5181802727243038,475.2919302,"1,265",148460.0,23.684994,90.356331
Bangladesh,2005,44.23,9.2,1.67,39380000.0,50.66,24.15,0.0,1.28,5.033425,1345.851,3.05,32709.99908,1.1353458,0.5905239924267758,499.4619402,"1,265",148460.0,23.684994,90.356331
Bangladesh,2006,50.5251,9.8,1.67,20000.0,48.69,27.86,0.0,1.39,4.7521367,1438.764,3.05,35900.00153,1.0463095,0.5981109746433091,509.6401899,"1,265",148460.0,23.684994,90.356331
Bangladesh,2007,46.5,10.3,1.66,50500000.0,47.19,28.45,0.0,0.76,2.6018488,1458.1193,2.98,37990.00168,1.0207374,0.6196896925809139,558.0518407,"1,265",148460.0,23.684994,90.356331
Bangladesh,2008,54.735516,11.0,1.68,10000.0,45.2,31.36,0.0,0.96,2.970297,1528.589,2.94,41580.00183,1.2218128,0.5613861510426107,634.9870697,"1,265",148460.0,23.684994,90.356331
Bangladesh,2009,57.568848,11.8,1.72,26970000.0,43.1,34.6,0.0,0.47,1.3401768,1660.9723,2.94,44750.0,0.5117601,0.5073317107582898,702.2644196,"1,265",148460.0,23.684994,90.356331
Bangladesh,2010,55.26,12.7,1.8,180000.0,40.28,37.65,0.0,0.84,2.182385,1685.9304,2.93,50580.00183,0.8648932,0.5367211240327864,781.1535777,"1,265",148460.0,23.684994,90.356331
Bangladesh,2011,59.6,13.7,1.79,236740000.0,38.41,40.67,0.0,0.99,2.3763802,1806.3944,2.85,54419.99817,0.95136946,0.5865304029244656,861.7621622,"1,265",148460.0,23.684994,90.356331
Bangladesh,2012,66.15557,14.7,1.92,149130000.0,37.31,44.91,0.0,0.93,2.0287957,1938.1482,2.77,57990.00168,0.82564867,0.589715620802982,883.1171296,"1,265",148460.0,23.684994,90.356331
Bangladesh,2013,61.5,15.8,2.16,112940000.0,37.08,48.94,0.0,1.1,2.1982415,1991.1696,2.73,60599.99847,0.7885019,0.56137587764895,981.8608514,"1,265",148460.0,23.684994,90.356331
Bangladesh,2014,62.4,17.1,2.3,90490000.0,35.32,51.78,0.0,0.81,1.5402168,2040.6984,2.66,63830.00183,0.646162,0.5640239379584033,1118.873808,"1,265",148460.0,23.684994,90.356331
Bangladesh,2015,74.90374,18.3,2.45,7700000.0,31.93,54.76,0.0,0.83,1.4930743,2440.7686,2.69,72190.00244,0.81840855,0.5914556205559829,1248.45331,"1,265",148460.0,23.684994,90.356331
Bangladesh,2016,75.92,19.3,2.52,418430000.0,30.49,63.57,0.0,1.27,1.9586676,2415.728,2.61,74379.99725,0.8060975,0.6227520990389855,1401.564635,"1,265",148460.0,23.684994,90.356331
Bangladesh,2017,88.0,20.6,2.65,246620000.0,28.36,67.59,0.0,1.32,1.9155419,2494.115,2.5,79339.99634,0.8946443,0.6322774647986577,1563.767819,"1,265",148460.0,23.684994,90.356331
Bangladesh,2018,91.8,21.9,2.72,235500000.0,26.88,72.56,0.0,1.4,1.8929151,2630.0278,2.3,83449.99695,0.7471175,0.6646197379932844,1698.132081,"1,265",148460.0,23.684994,90.356331
Bangladesh,2019,92.2,23.4,2.93,137390000.0,24.75,78.37,0.0,1.14,1.4337819,2916.3176,2.36,90739.99786,0.6751287,0.6807429392575373,1855.740094,"1,265",148460.0,23.684994,90.356331
Brazil,2000,94.391716,89.0,364.68,126500000.0,42.66,28.87,4.94,308.77,91.57278,13400.32,3.88,313670.0,43.288433,0.47065933486318057,3749.910848,25,8515770.0,-14.235004,-51.92528
Brazil,2001,96.016525,89.7,367.36,5290000.0,41.33,35.19,14.27,273.71,89.111,12893.828,3.9,319380.0,39.11162,0.3033588905656963,3160.249345,25,8515770.0,-14.235004,-51.92528
Brazil,2002,96.65299,90.1,374.1,33350000.0,42.85,33.5,13.84,292.95,90.15546,13021.791,3.89,317760.0098,40.756653,0.39619088375980127,2839.491501,25,8515770.0,-14.235004,-51.92528
Brazil,2003,96.980095,90.6,387.32,7530000.0,45.11,31.62,13.4,313.88,91.18975,13111.923,3.91,310809.9976,42.284126,0.28946017464553986,3070.436419,25,8515770.0,-14.235004,-51.92528
Brazil,2004,96.76511,91.1,392.57,1140000.0,45.18,40.14,11.6,329.43,89.46926,13593.7,3.9,328519.989,42.286156,0.5472219400970755,3637.31389,25,8515770.0,-14.235004,-51.92528
Brazil,2005,97.09351,91.6,399.88,11720000.0,46.13,39.56,9.2,346.96,90.00303,13792.465,3.88,331690.0024,43.1457,0.4044871316975289,4790.456566,25,8515770.0,-14.235004,-51.92528
Brazil,2006,97.594315,92.1,412.49,1220000.0,46.67,39.4,12.98,359.55,90.43527,14020.683,3.86,335619.9951,43.045963,0.44688943510891105,5886.391522,25,8515770.0,-14.235004,-51.92528
Brazil,2007,98.12538,92.6,427.18,910000.0,47.19,37.64,11.65,387.88,91.390076,14770.351,3.84,352559.9976,44.380226,0.5645156322965447,7348.187963,25,8515770.0,-14.235004,-51.92528
Brazil,2008,98.52663,93.1,432.21,19530000.0,47.04,55.87,13.21,385.61,87.71251,15255.087,3.86,373630.0049,43.366776,0.5100700019448152,8831.183643,25,8515770.0,-14.235004,-51.92528
Brazil,2009,98.85694,93.6,438.04,174490000.0,48.92,36.32,12.22,410.13,92.08145,15004.24,3.74,350000.0,46.30883,0.21877776857309406,8597.794335,25,8515770.0,-14.235004,-51.92528
Brazil,2010,98.6,94.0,457.6,135380000.0,46.81,61.02,13.77,435.99,88.053566,16220.931,3.85,397929.9927,44.246536,0.6458962721613589,11286.07154,25,8515770.0,-14.235004,-51.92528
Brazil,2011,99.32869,94.3,470.43,187660000.0,45.26,50.27,14.8,462.32,90.468155,16629.84,3.75,418309.9976,43.91006,0.44758331063339457,13245.38737,25,8515770.0,-14.235004,-51.92528
Brazil,2012,99.51949,94.7,482.3,228480000.0,43.49,77.21,15.17,454.78,85.88896,16963.494,3.82,454230.011,42.06637,0.33300590106270916,12370.22325,25,8515770.0,-14.235004,-51.92528
Brazil,2013,99.57515,95.0,496.6,93260000.0,42.32,112.0,14.65,436.84,80.12387,17221.44,3.88,486839.9963,39.836597,0.393476669739302,12300.38671,25,8515770.0,-14.235004,-51.92528
Brazil,2014,99.650246,95.2,524.97,489030000.0,41.71,136.58,14.46,430.82,76.527,17519.043,3.98,511619.9951,38.852745,0.25392071694739093,12112.83496,25,8515770.0,-14.235004,-51.92528
Brazil,2015,99.7109,95.4,550.89,2300000.0,43.62,128.85,13.91,428.81,77.456825,17140.15,4.05,485339.9963,40.603523,0.02793411791413211,8813.989806,25,8515770.0,-14.235004,-51.92528
Brazil,2016,99.7,95.7,588.73,161960000.0,45.46,93.06,14.97,463.37,83.713684,16591.764,4.03,447079.9866,43.5387,0.0429923695744214,8710.06329,25,8515770.0,-14.235004,-51.92528
Brazil,2017,99.8,95.7,617.89,521620000.0,45.33,101.9,14.86,464.4,82.4661,16608.686,4.05,456489.9902,43.280678,0.2996185613301992,9928.675897,25,8515770.0,-14.235004,-51.92528
Brazil,2018,99.7,95.8,652.03,256430000.0,46.95,86.69,14.79,492.66,85.409164,16539.11,3.93,433989.9902,46.080498,0.32533246968465646,9151.381732,25,8515770.0,-14.235004,-51.92528
Brazil,2019,99.8,95.8,684.92,50980000.0,47.57,90.91,15.16,512.59,85.30534,16681.945,3.93,434299.9878,47.304844,0.30454507219694105,8897.552966,25,8515770.0,-14.235004,-51.92528
China,2000,97.0218,42.0,58.78,243620000.0,29.63,1113.3,16.74,225.56,17.874004,9334.936,10.85,3346530.0,5.656925,0.6995713982117471,959.3724836,153,9596960.0,35.86166,104.195397
China,2001,97.27279,42.3,61.01,325050000.0,28.36,1182.59,17.47,280.73,20.1379,9797.812,10.36,3529080.0,6.618624,0.6909576464896869,1053.108243,153,9596960.0,35.86166,104.195397
China,2002,97.516205,43.1,63.68,218270000.0,27.0,1337.46,25.13,291.41,19.137848,10602.087,10.12,3810060.059,6.2804885,0.7354827342784501,1148.50829,153,9596960.0,35.86166,104.195397
China,2003,97.75438,43.4,70.24,22510000.0,23.86,1579.96,43.34,287.28,17.304693,12273.32,10.48,4415910.156,5.3011093,0.7859509774818816,1288.643252,153,9596960.0,35.86166,104.195397
China,2004,97.98967,44.9,77.85,32680000.0,20.17,1795.41,50.47,357.43,18.513056,14272.745,10.83,5124819.824,5.60094,0.7901691787565484,1508.668098,153,9596960.0,35.86166,104.195397
China,2005,98.22443,46.3,86.43,155060000.0,17.44,2042.8,53.09,404.37,18.296497,16114.158,10.72,5824629.883,5.554481,0.8616512103322603,1753.417829,153,9596960.0,35.86166,104.195397
China,2006,98.46105,47.7,96.27,127720000.0,16.39,2364.16,54.84,446.72,17.50206,17552.816,10.41,6437470.215,5.5779824,0.9356663328526166,2099.229435,153,9596960.0,35.86166,104.195397
China,2007,98.7022,49.4,109.0,24770000.0,14.88,2718.7,62.13,500.71,17.151705,18955.008,9.81,6993180.176,5.718535,1.0,2693.970063,153,9596960.0,35.86166,104.195397
China,2008,98.95058,51.1,128.8,142770000.0,14.14,2762.29,68.39,665.08,20.981703,19560.7,9.18,7199600.098,7.268667,0.7643355866856856,3468.304602,153,9596960.0,35.86166,104.195397
China,2009,99.2089,53.5,150.78,58540000.0,13.43,2980.2,70.05,664.39,19.7715,20281.068,8.95,7719069.824,6.9355316,0.7502758297493599,3832.236432,153,9596960.0,35.86166,104.195397
China,2010,99.7,55.6,170.41,131240000.0,12.26,3326.19,74.74,786.38,20.564993,21551.547,8.93,8474919.922,7.615998,0.8193122934154601,4550.453108,153,9596960.0,35.86166,104.195397
China,2011,99.848724,58.0,194.62,43040000.0,11.34,3811.77,87.2,792.38,18.748974,23090.885,8.75,9282549.805,7.084204,0.7587638359834512,5614.352135,153,9596960.0,35.86166,104.195397
China,2012,99.96193,60.7,218.25,100650000.0,11.53,3869.38,98.32,999.56,22.102327,23873.234,8.41,9541870.117,8.522597,0.6646187820315743,6300.615118,153,9596960.0,35.86166,104.195397
China,2013,99.996445,63.2,258.3,301710000.0,11.45,4203.77,111.5,1093.37,22.276764,24600.36,8.05,9984570.313,8.959421,0.6591731679407474,7020.338485,153,9596960.0,35.86166,104.195397
China,2014,100.0,66.0,296.29,229420000.0,11.94,4345.86,133.22,1289.23,24.659735,25072.023,7.69,10006669.92,10.19733,0.6401785730421062,7636.116601,153,9596960.0,35.86166,104.195397
China,2015,100.0,68.4,340.55,92000000.0,12.18,4222.76,171.38,1393.66,27.040327,25209.49,7.21,9861099.609,10.787498,0.6187259475757121,8016.431435,153,9596960.0,35.86166,104.195397
China,2016,100.0,70.6,382.59,1245180000.0,12.56,4355.0,213.18,1522.79,28.500713,25164.803,6.71,9874660.156,11.530947,0.6079801436532142,8094.363367,153,9596960.0,35.86166,104.195397
China,2017,100.0,73.2,436.9,372490000.0,13.13,4643.1,248.1,1667.06,29.20226,25987.611,6.51,10096009.77,12.138821,0.6134733151510797,8816.986905,153,9596960.0,35.86166,104.195397
China,2018,100.0,75.6,487.16,318260000.0,13.71,4990.28,295.0,1835.32,29.917704,27109.42,6.39,10502929.69,12.807393,0.6024562924863965,9905.342004,153,9596960.0,35.86166,104.195397
China,2019,100.0,77.6,529.28,201540000.0,14.45,5098.22,348.7,2014.57,31.672895,28277.445,6.31,10707219.73,13.51596,0.5578105425308963,10143.83817,153,9596960.0,35.86166,104.195397
Colombia,2002,94.9055,79.7,223.19,90000.0,28.8,10.25,0.0,33.83,76.746826,7834.471,2.83,56770.00046,32.692554,0.3655281571098753,2396.627127,46,1138910.0,4.570868,-74.297333
Colombia,2003,95.12935,80.7,215.58,10000.0,30.7,9.6,0.0,36.0,78.94737,7863.652,2.78,56110.00061,33.389133,0.44444990491975656,2281.401762,46,1138910.0,4.570868,-74.297333
Colombia,2005,96.8,82.4,211.95,223460000.0,29.08,9.71,0.0,39.64,80.32422,7917.907,2.65,57639.99939,35.05353,0.4952579614567626,3414.465158,46,1138910.0,4.570868,-74.297333
Colombia,2006,95.79303,83.0,209.72,1940000.0,29.69,10.13,0.0,42.6,80.788925,9024.093,2.62,57689.99863,34.14272,0.6006200863004418,3741.092837,46,1138910.0,4.570868,-74.297333
Colombia,2007,96.019844,83.8,208.15,790000.0,30.42,9.93,0.0,44.27,81.67896,9058.002,2.44,59180.00031,35.182762,0.601810141331618,4714.073055,46,1138910.0,4.570868,-74.297333
Colombia,2008,96.80676,84.6,205.86,15930000.0,29.97,8.77,0.0,46.19,84.04294,9322.767,2.48,59779.99878,33.94141,0.40902470621384257,5472.53653,46,1138910.0,4.570868,-74.297333
Colombia,2009,96.05723,85.4,204.03,10000.0,30.91,14.77,0.0,41.08,73.55417,9111.861,2.55,62009.99832,31.377745,0.28939430731564486,5193.241458,46,1138910.0,4.570868,-74.297333
Colombia,2010,96.788994,86.3,208.97,3470000.0,29.75,15.96,0.0,40.66,71.81208,9474.296,2.4,63560.00137,30.092037,0.4766140498197493,6336.709474,46,1138910.0,4.570868,-74.297333
Colombia,2011,96.6936,87.0,217.2,780000.0,28.91,10.11,0.0,48.81,82.84114,9794.911,2.3,69099.99847,34.515675,0.6135118855917125,7335.166934,46,1138910.0,4.570868,-74.297333
Colombia,2012,97.03217,87.6,216.6,1840000.0,28.9,12.96,0.0,47.58,78.59267,10308.172,2.14,69699.99695,31.746134,0.4441353913965997,8050.255372,46,1138910.0,4.570868,-74.297333
Colombia,2013,97.77942,88.45,216.82,310000.0,32.29,21.71,0.0,50.48,69.92658,10490.081,2.66,76860.00061,29.385107,0.5122908549580706,8218.347844,46,1138910.0,4.570868,-74.297333
Colombia,2014,97.79094,89.1,237.49,55290000.0,32.38,20.99,0.0,48.06,69.60174,10938.481,2.58,79199.99695,28.364685,0.47685796653879364,8114.343921,46,1138910.0,4.570868,-74.297333
Colombia,2015,98.1869,89.75,247.42,23220000.0,31.6,27.22,0.0,49.0,64.28759,10259.04,2.53,80230.00336,28.021618,0.3907467132375624,6175.87603,46,1138910.0,4.570868,-74.297333
Colombia,2016,98.4,90.7,246.63,1454760000.0,30.74,25.02,0.0,49.54,66.44314,11435.303,2.58,82680.00031,27.708813,0.34228072834836565,5870.777957,46,1138910.0,4.570868,-74.297333
Colombia,2017,98.5,91.2,246.81,184770000.0,32.53,16.07,0.0,61.39,79.25381,11368.834,2.44,74989.99786,32.82906,0.30165491512847,6376.706716,46,1138910.0,4.570868,-74.297333
Colombia,2018,98.5,92.0,247.06,144250000.0,30.72,19.11,0.0,60.08,75.868164,11332.247,2.29,78589.99634,31.99955,0.3688955249516084,6729.583332,46,1138910.0,4.570868,-74.297333
Colombia,2019,99.75592,92.5,245.49,152510000.0,30.72,23.84,0.0,54.31,69.49456,11221.787,2.51,81040.00092,29.890343,0.40889471969557933,6424.979492,46,1138910.0,4.570868,-74.297333
Ecuador,2000,93.73226,87.8,135.21,2220000.0,19.43,2.82,0.0,7.53,72.753624,8246.84,3.27,22050.0,21.613928,0.28672429521017606,1445.279324,71,283561.0,-1.831239,-78.183406
Ecuador,2001,94.02462,88.75,134.56,2140000.0,17.05,3.74,0.0,7.0,65.17691,8211.651,3.35,24250.0,19.692354,0.44988277610962474,1894.616196,71,283561.0,-1.831239,-78.183406
Ecuador,2002,94.30939,89.8,132.83,830000.0,17.1,4.1,0.0,7.45,64.50217,7965.1455,3.48,24170.00008,21.095179,0.4544110111517909,2172.101877,71,283561.0,-1.831239,-78.183406
Ecuador,2003,94.973045,90.6,130.59,360000.0,16.55,4.11,0.0,7.11,63.368984,8014.88,3.73,24659.99985,19.533443,0.37774326581043016,2425.851842,71,283561.0,-1.831239,-78.183406
Ecuador,2004,94.86557,91.1,130.98,310000.0,16.73,5.59,0.0,7.5,57.295647,8426.991,3.54,26180.00031,18.734905,0.6839983076833338,2691.277685,71,283561.0,-1.831239,-78.183406
Ecuador,2005,95.83265,91.7,132.24,8400000.0,16.16,5.09,0.0,7.07,58.14145,8767.223,3.65,28219.99931,16.596605,0.521069494533989,3002.138604,71,283561.0,-1.831239,-78.183406
Ecuador,2006,96.31526,92.3,133.33,10000.0,14.19,6.17,0.0,7.35,54.363903,9114.504,3.43,30129.99916,16.25161,0.47152857810639465,3328.884156,71,283561.0,-1.831239,-78.183406
Ecuador,2008,97.20657,93.05,148.98,2770000.0,15.32,6.68,0.0,11.58,63.417305,9883.912,3.07,31690.00053,22.617521,0.5805456103578375,4249.01897,71,283561.0,-1.831239,-78.183406
Ecuador,2009,96.47086,93.3,146.77,1270000.0,12.87,8.36,0.0,9.57,53.374233,9482.964,3.39,34500.0,18.929243,0.257410406984403,4231.619235,71,283561.0,-1.831239,-78.183406
Ecuador,2010,97.46214,93.6,156.29,2811680000.0,11.79,9.77,0.0,9.0,47.948853,10353.473,3.47,37250.0,15.936485,0.42252080762382627,4633.591284,71,283561.0,-1.831239,-78.183406
Ecuador,2011,96.872696,93.9,153.38,394900000.0,13.15,8.47,0.0,11.41,57.394367,10805.037,3.38,37099.99847,19.198841,0.6648645648039481,5200.555108,71,283561.0,-1.831239,-78.183406
Ecuador,2012,97.19493,94.0,153.01,26490000.0,13.2,9.57,0.0,12.54,56.716415,11233.192,3.17,37090.00015,19.840086,0.5406370391210591,5682.046108,71,283561.0,-1.831239,-78.183406
Ecuador,2013,98.034676,94.1,152.03,331000000.0,11.85,10.98,0.0,11.46,51.06952,11416.987,3.21,39700.00076,17.377462,0.5018287771341261,6056.331213,71,283561.0,-1.831239,-78.183406
Ecuador,2014,98.97607,94.3,152.96,509020000.0,12.18,11.36,0.0,12.09,51.556503,11816.219,3.38,41799.99924,17.276142,0.4372288055942139,6377.093929,71,283561.0,-1.831239,-78.183406
Ecuador,2015,98.82588,94.4,160.29,31740000.0,13.07,11.34,0.0,13.74,54.78469,11610.723,3.26,41520.00046,19.640232,0.23131585070359145,6124.490887,71,283561.0,-1.831239,-78.183406
Ecuador,2016,98.7,94.4,281.35,134670000.0,14.75,10.77,0.0,16.37,60.316883,11399.546,3.16,39810.00137,23.628025,0.1573625170370629,6060.092962,71,283561.0,-1.831239,-78.183406
Ecuador,2017,99.2,94.4,280.86,36680000.0,17.05,7.4,0.0,20.44,73.41954,11658.197,3.18,38549.99924,28.335857,0.35796160438269387,6213.503127,71,283561.0,-1.831239,-78.183406
Ecuador,2018,98.7,94.5,308.23,890000.0,16.33,7.97,0.0,21.06,72.54564,12100.159,3.1,40139.99939,27.386934,0.2977448562333973,6295.934662,71,283561.0,-1.831239,-78.183406
Ecuador,2019,99.09,94.45,303.72,60120000.0,17.73,7.09,0.0,25.2,78.04273,12160.402,3.26,39290.00092,31.76902,0.22647396100270606,6222.524653,71,283561.0,-1.831239,-78.183406
India,2000,58.721474,22.3,23.66,485730000.0,46.88,475.35,15.77,80.27,16.808134,3518.6821,6.42,937860.0,6.3762894,0.440137405061935,443.3141938,464,3287263.0,20.593684,78.96288
India,2001,55.8,23.4,24.81,193140000.0,47.11,491.01,18.89,76.19,16.222763,3469.8364,6.22,953540.0,5.9925246,0.494990394632282,451.5729973,464,3287263.0,20.593684,78.96288
India,2002,62.3,24.7,24.54,17160000.0,45.75,517.51,19.35,72.78,15.112197,3519.7168,6.16,985450.0122,5.731832,0.4380718092481789,470.9867868,464,3287263.0,20.593684,78.96288
India,2003,64.047485,25.9,27.23,10700000.0,45.63,545.36,18.14,74.63,14.53779,3583.3396,5.84,1011770.02,5.6240616,0.664431564371974,546.7266135,464,3287263.0,20.593684,78.96288
India,2004,64.4,27.3,29.38,399430000.0,44.92,567.86,21.26,109.2,18.68198,3826.2053,5.73,1085670.044,7.460849,0.6679223305704233,627.7742417,464,3287263.0,20.593684,78.96288
India,2005,67.57981,28.6,31.68,175340000.0,44.16,579.32,17.73,107.47,17.770964,3987.0566,5.52,1136469.971,6.8943167,0.6679498977137606,714.8610154,464,3287263.0,20.593684,78.96288
India,2006,67.9,29.5,34.85,160980000.0,43.16,599.24,17.63,127.56,19.503513,4136.6675,5.39,1215209.961,7.7062397,0.6756117626861401,806.7532806,464,3287263.0,20.593684,78.96288
India,2007,71.119865,30.55,36.69,465640000.0,41.53,636.68,17.83,141.75,20.041193,4423.9287,5.31,1336739.99,7.8556447,0.6532951539143544,1028.334772,464,3287263.0,20.593684,78.96288
India,2008,72.89938,32.0,39.3,369350000.0,39.37,674.27,15.23,138.91,18.60673,4616.339,5.43,1424380.005,7.2570653,0.3980455645991574,998.5223415,464,3287263.0,20.593684,78.96288
India,2009,75.0,34.0,39.61,210650000.0,37.41,728.56,16.82,134.33,17.181797,4892.3794,5.5,1564880.005,6.4735703,0.6645156794601498,1101.960838,464,3287263.0,20.593684,78.96288
India,2010,76.3,35.4,42.34,372820000.0,36.16,771.78,23.08,142.61,17.674166,5033.775,5.34,1659979.98,6.583671,0.6999894352285851,1357.563727,464,3287263.0,20.593684,78.96288
India,2011,67.6,37.2,46.43,1950940000.0,35.01,828.16,32.22,173.62,19.907156,5236.977,5.28,1756739.99,7.501343,0.5182797188021753,1458.104066,464,3287263.0,20.593684,78.96288
India,2012,79.9,39.6,47.76,1119110000.0,34.75,893.45,33.14,165.25,18.170246,5447.3413,5.29,1909439.941,6.727289,0.5302814858777594,1443.882435,464,3287263.0,20.593684,78.96288
India,2013,81.99933,41.6,49.57,586410000.0,34.85,924.93,33.31,187.9,19.300434,5555.5483,5.11,1972430.054,7.329665,0.5821625478557729,1449.610451,464,3287263.0,20.593684,78.96288
India,2014,83.8725,44.8,55.41,699800000.0,33.85,1025.29,34.69,202.04,18.758022,5857.2837,5.08,2147110.107,7.344336,0.639311614319145,1573.885642,464,3287263.0,20.593684,78.96288
India,2015,88.0,48.2,59.9,898770000.0,33.4,1080.44,38.31,203.21,18.269842,5988.8335,4.82,2158020.02,7.1846457,0.6720136509886689,1605.605445,464,3287263.0,20.593684,78.96288
India,2016,89.2178,51.4,68.18,2112780000.0,33.02,1155.52,37.9,208.21,17.558842,6184.2495,4.54,2195250.0,7.0113974,0.686525324747157,1732.554242,464,3287263.0,20.593684,78.96288
India,2017,92.12495,55.8,78.55,861450000.0,32.41,1198.85,37.41,234.9,18.509884,6346.3545,4.47,2320409.912,7.511875,0.605001445646637,1980.66702,464,3287263.0,20.593684,78.96288
India,2018,95.7,59.8,87.32,1764130000.0,32.82,1276.32,39.05,263.61,19.16807,6633.665,4.4,2451929.932,7.9128056,0.590359042575751,1996.915087,464,3287263.0,20.593684,78.96288
India,2019,97.308266,63.9,93.89,786330000.0,32.93,1273.59,45.16,303.16,21.475914,6731.805,4.28,2456300.049,8.849619,0.45132942987969793,2100.751461,464,3287263.0,20.593684,78.96288
Iraq,2003,97.32463,82.2,17.94,23850000.0,0.35,26.23,0.0,0.43,1.6129032,11233.329,8.1,81279.99878,4.5359826,0.0,854.8252808,93,438317.0,33.223191,43.679291
Iraq,2006,97.62211,89.1,72.32,43260000.0,2.56,26.07,0.0,6.04,18.810339,10367.605,5.12,82959.99908,4.7386,0.5408789862163499,2373.209448,93,438317.0,33.223191,43.679291
Iraq,2007,98.1,90.9,72.84,35230000.0,2.0,25.85,0.0,5.68,18.01459,10543.257,4.94,76650.00153,4.2728944,0.3310190986811548,3182.841351,93,438317.0,33.223191,43.679291
Iraq,2008,97.971436,92.6,80.07,80000.0,1.15,31.35,0.0,3.45,9.913794,11838.88,4.93,88139.99939,2.3818684,0.684951768692299,4636.639325,93,438317.0,33.223191,43.679291
Iraq,2009,98.11988,93.9,78.5,150000.0,1.21,39.83,0.0,3.19,7.415156,11209.113,5.12,94199.99695,2.3280268,0.41437358893261056,3853.82862,93,438317.0,33.223191,43.679291
Iraq,2010,98.28097,95.0,76.47,158470000.0,1.67,41.49,0.0,4.72,10.214239,12167.795,5.32,108550.0031,2.637557,0.5830809789031587,4657.280269,93,438317.0,33.223191,43.679291
Iraq,2012,99.3,96.7,58.49,2250000.0,1.3,39.13,0.0,4.35,10.0046,12609.8,5.26,129000.0,2.8232703,1.0,6836.073995,93,438317.0,33.223191,43.679291
Iraq,2014,99.098434,97.7,55.27,20000.0,1.0,60.94,0.0,2.96,4.632238,12829.746,4.82,134039.9933,1.7387189,0.2367925889903089,6637.684375,93,438317.0,33.223191,43.679291
Iraq,2016,99.6043,98.3,63.12,260570000.0,0.94,72.06,0.0,3.4,4.505698,13748.048,4.12,142229.9957,1.8365394,0.9951756524280787,4550.658638,93,438317.0,33.223191,43.679291
Iraq,2017,99.87207,98.7,61.54,112960000.0,0.57,80.07,0.0,2.21,2.6859505,15090.169,4.74,155080.0018,1.1253452,0.1242508758023956,4985.452879,93,438317.0,33.223191,43.679291
Mexico,2000,98.00713,82.4,109.89,2450000.0,12.17,141.8,7.81,44.51,26.952402,17300.662,3.6,379180.0,7.1508975,0.5016023534373791,7157.8145,66,1964375.0,23.634501,-102.552784
Mexico,2001,97.13832,83.1,109.6,3430000.0,11.34,153.32,8.29,39.56,23.785852,16898.29,3.72,378830.0,6.3393073,0.2032322651096998,7544.568723,66,1964375.0,23.634501,-102.552784
Mexico,2002,97.89709,84.1,108.14,14190000.0,10.68,159.81,9.26,35.67,21.944904,17044.275,3.76,386000.0,5.4490385,0.22357501679848027,7593.137345,66,1964375.0,23.634501,-102.552784
Mexico,2003,97.400856,84.6,107.95,260000.0,10.17,160.45,9.98,32.11,20.78108,16996.574,3.97,404690.0024,4.6524553,0.3065109961537656,7075.369643,66,1964375.0,23.634501,-102.552784
Mexico,2004,98.5977,84.9,115.29,530000.0,10.21,173.66,8.73,38.19,21.271194,17731.264,3.89,414100.0061,5.303242,0.44457930690127856,7484.486399,66,1964375.0,23.634501,-102.552784
Mexico,2005,98.93273,85.3,113.91,33670000.0,10.31,178.76,10.32,42.29,22.738472,19153.719,4.01,432190.0024,5.473337,0.3545810869475181,8277.671564,66,1964375.0,23.634501,-102.552784
Mexico,2006,99.11416,85.3,114.91,32770000.0,9.82,182.76,10.4,43.63,22.817688,19171.469,3.9,448299.9878,5.5860863,0.47663742699256495,9068.294218,66,1964375.0,23.634501,-102.552784
Mexico,2007,97.91057,85.4,120.37,160000.0,9.46,191.83,9.95,42.14,21.355362,19098.814,3.8,457119.9951,5.209547,0.3536680739279394,9642.680517,66,1964375.0,23.634501,-102.552784
Mexico,2008,98.91404,85.4,116.59,6690000.0,9.77,184.51,9.36,53.22,25.326805,19633.797,3.78,459549.9878,6.696116,0.28961394480589064,10016.57121,66,1964375.0,23.634501,-102.552784
Mexico,2009,98.19821,85.2,117.43,4420000.0,9.17,194.75,10.11,40.59,20.65594,19065.637,3.9,448369.9951,4.9565783,0.0,8002.972178,66,1964375.0,23.634501,-102.552784
Mexico,2010,99.236694,85.0,118.46,82310000.0,9.36,207.38,5.66,51.37,21.568775,18870.824,3.68,462869.9951,6.283124,0.5114049608160877,9271.398396,66,1964375.0,23.634501,-102.552784
Mexico,2011,99.02815,84.85,116.51,1020000.0,9.07,219.88,9.66,50.7,21.538681,19447.846,3.72,478399.9939,5.886854,0.4302054016726287,10203.4213,66,1964375.0,23.634501,-102.552784
Mexico,2012,99.11163,84.6,125.94,366050000.0,8.97,229.14,8.41,47.2,19.529411,19349.783,3.68,486450.0122,5.4620795,0.4290511019866215,10241.72783,66,1964375.0,23.634501,-102.552784
Mexico,2013,99.1477,84.6,127.71,70970000.0,9.23,231.23,11.38,44.67,19.510582,19108.69,3.64,475739.9902,5.06007,0.30136089420789225,10725.18359,66,1964375.0,23.634501,-102.552784
Mexico,2014,99.17293,84.6,137.66,387450000.0,9.76,223.43,9.3,57.46,23.005617,18757.031,3.47,462239.9902,6.727102,0.38482444255336634,10928.91601,66,1964375.0,23.634501,-102.552784
Mexico,2015,99.0,84.6,141.93,226340000.0,9.19,234.28,11.18,52.42,21.35088,18335.252,3.3,471630.0049,6.0522633,0.40956629370645714,9616.645558,66,1964375.0,23.634501,-102.552784
Mexico,2016,99.5,84.8,152.63,455350000.0,9.22,239.78,10.27,52.97,20.869911,18538.975,3.21,473309.9976,6.1314926,0.3725901398983509,8744.515559,66,1964375.0,23.634501,-102.552784
Mexico,2017,100.0,84.8,155.98,502060000.0,9.99,242.69,10.57,55.88,21.495113,18689.648,3.07,471579.9866,6.372722,0.34371746848691376,9287.849587,66,1964375.0,23.634501,-102.552784
Mexico,2018,99.5,84.8,175.36,300340000.0,10.03,259.92,13.32,58.78,21.71556,18269.648,3.09,452570.0073,6.939361,0.34828581647707335,9686.984927,66,1964375.0,23.634501,-102.552784
Mexico,2019,99.6,84.9,201.04,338650000.0,10.34,248.2,10.88,59.0,21.969315,17903.295,3.06,449269.989,7.0507708,0.21594367480014412,9950.45008,66,1964375.0,23.634501,-102.552784
Morocco,2000,69.56738,90.6,42.62,260000.0,15.26,11.36,0.0,0.77,6.3478975,4113.667,3.63,32880.0,1.9685844,0.3325425682798429,1334.943464,83,446550.0,31.791702,-7.09262
Morocco,2001,71.3479,91.3,42.15,1480000.0,15.12,13.13,0.0,1.07,7.535212,4386.623,3.58,36270.0,2.47259,0.6342748243880842,1339.294077,83,446550.0,31.791702,-7.09262
Morocco,2002,73.120834,92.0,41.7,13440000.0,14.94,14.13,0.0,1.03,6.794195,4439.7236,3.53,37470.00122,2.3249912,0.3999848089598398,1416.488396,83,446550.0,31.791702,-7.09262
Morocco,2003,74.88853,92.7,44.57,550000.0,15.71,14.84,0.0,1.64,9.951457,4397.996,3.32,37250.0,3.6570694,0.5584493712678567,1725.457466,83,446550.0,31.791702,-7.09262
Morocco,2004,78.2,93.2,44.11,153490000.0,23.0,15.71,0.0,1.79,10.228572,4946.6387,3.75,40990.00168,3.4734976,0.49348662004346255,1952.902534,83,446550.0,31.791702,-7.09262
Morocco,2005,78.41762,94.0,43.65,186110000.0,20.15,17.59,0.0,1.18,6.286627,5301.4736,3.84,43580.00183,2.0816917,0.409481928230085,2018.025547,83,446550.0,31.791702,-7.09262
Morocco,2006,96.5,94.35,43.18,70280000.0,18.14,18.1,0.0,1.17,6.0716133,5340.5317,3.63,45000.0,2.018249,0.6484858579263566,2196.011276,83,446550.0,31.791702,-7.09262
Morocco,2007,81.95443,95.0,44.64,180550000.0,16.46,18.15,0.0,1.19,6.153051,5226.2114,3.62,46349.99847,2.0501916,0.42287211465172564,2499.259938,83,446550.0,31.791702,-7.09262
Morocco,2008,83.73233,95.6,44.14,226260000.0,14.62,18.42,0.0,1.22,6.211813,5694.0356,3.55,48630.00107,1.8975967,0.5563353031005789,2890.360715,83,446550.0,31.791702,-7.09262
Morocco,2009,85.520164,96.0,47.6,121030000.0,14.26,17.09,0.0,2.93,14.635365,5486.076,3.43,48750.0,4.711689,0.462612977470485,2866.92411,83,446550.0,31.791702,-7.09262
Morocco,2010,92.67138,96.5,48.27,8470000.0,13.92,19.54,0.0,4.1,17.343487,6005.15,3.47,51759.99832,5.8873553,0.4387270816872568,2839.92612,83,446550.0,31.791702,-7.09262
Morocco,2011,93.446434,96.7,48.68,218320000.0,11.88,22.3,0.0,2.69,10.764306,6222.626,3.55,55939.99863,3.643836,0.5185242641981577,3046.947854,83,446550.0,31.791702,-7.09262
Morocco,2012,94.21052,97.1,48.03,914040000.0,10.93,24.97,0.0,2.42,8.835341,6249.124,3.5,58080.00183,3.1137834,0.3937634187438038,2912.658275,83,446550.0,31.791702,-7.09262
Morocco,2013,97.2,97.3,54.48,5890000.0,11.59,22.59,0.0,4.19,15.646004,6330.0835,3.36,57590.00015,5.110578,0.47888887312427253,3121.680081,83,446550.0,31.791702,-7.09262
Morocco,2014,91.6,97.4,62.68,1433570000.0,11.14,24.13,0.0,3.61,13.013699,6336.756,3.32,58689.99863,4.4587364,0.3747643097706415,3171.699192,83,446550.0,31.791702,-7.09262
Morocco,2015,97.3,97.7,66.56,234280000.0,11.25,25.09,0.0,4.45,15.064318,6368.3936,3.25,60409.99985,5.388849,0.47894210742937526,2875.257985,83,446550.0,31.791702,-7.09262
Morocco,2016,97.8,97.8,68.66,410030000.0,11.06,25.74,0.0,4.74,15.55118,6361.196,3.23,60319.99969,5.595185,0.284941657701081,2896.722196,83,446550.0,31.791702,-7.09262
Morocco,2017,100.0,97.9,71.38,82050000.0,10.45,26.86,0.0,4.69,14.8652935,6580.7236,3.24,63520.00046,5.2868266,0.46321821445736266,3035.454433,83,446550.0,31.791702,-7.09262
Morocco,2018,98.1,97.9,90.81,811630000.0,10.9,27.71,0.0,6.52,19.047619,6730.607,3.18,64959.99908,7.1069336,0.401494448335526,3226.982794,83,446550.0,31.791702,-7.09262
Morocco,2019,99.6,98.0,89.71,413480000.0,10.69,32.38,0.0,7.6,19.009504,7267.464,3.34,71480.00336,7.547047,0.37132916273139616,3235.00066,83,446550.0,31.791702,-7.09262
Pakistan,2000,70.3106,23.7,36.36,40000.0,51.05,45.23,0.38,17.79,28.659306,3133.7341,5.77,98370.0,11.344158,0.46352427945755204,576.1955804,287,796095.0,30.375321,69.345116
Pakistan,2001,70.361534,24.4,36.4,360220000.0,51.54,47.33,1.98,19.54,31.256355,3109.8933,5.66,99840.0,11.41505,0.42414576658413916,544.4942514,287,796095.0,30.375321,69.345116
Pakistan,2002,70.40488,25.6,35.57,180000.0,51.39,47.69,1.8,22.95,34.166206,3148.9678,5.61,102330.0018,12.188603,0.3657713053095878,534.3039007,287,796095.0,30.375321,69.345116
Pakistan,2003,70.44299,26.7,38.54,2780000.0,50.09,48.18,1.81,27.49,37.816208,3355.3328,5.55,105660.0037,13.333745,0.5481744618294366,599.3763305,287,796095.0,30.375321,69.345116
Pakistan,2004,70.47822,27.65,43.25,40000.0,47.93,52.87,1.93,26.34,34.841015,3651.1396,5.53,118650.0015,12.676343,0.6469361168190861,687.8364127,287,796095.0,30.375321,69.345116
Pakistan,2005,70.5129,28.8,42.28,4070000.0,47.96,55.7,2.41,31.52,37.85563,3707.498,5.38,121669.9982,13.59751,0.5895660292293349,748.9225893,287,796095.0,30.375321,69.345116
Pakistan,2006,70.54947,30.2,41.23,6820000.0,47.04,59.1,2.55,32.66,37.334324,3826.2024,5.3,132479.9957,12.633492,0.5549796664164701,836.8605262,287,796095.0,30.375321,69.345116
Pakistan,2007,70.590546,31.5,40.51,122690000.0,44.85,58.94,2.31,29.53,35.073807,3981.9287,5.35,146259.9945,12.365368,0.49548430797791876,908.0950852,287,796095.0,30.375321,69.345116
Pakistan,2008,70.63886,32.8,40.33,138060000.0,46.63,57.32,1.74,28.67,34.66317,3915.401,5.17,142160.0037,10.553434,0.32074204010063323,990.8466112,287,796095.0,30.375321,69.345116
Pakistan,2009,70.69711,33.9,39.48,118640000.0,46.43,60.55,2.64,29.05,34.35603,3879.5596,5.1,145139.9994,10.885857,0.38381358539350385,957.9956753,287,796095.0,30.375321,69.345116
Pakistan,2010,70.76802,35.7,39.08,264760000.0,47.4,59.31,2.56,32.6,37.218163,3809.4282,5.1,140619.9951,11.174628,0.3154565536419774,987.409712,287,796095.0,30.375321,69.345116
Pakistan,2011,70.85428,36.9,38.31,253790000.0,46.76,61.62,3.84,29.37,35.02056,3727.3542,5.0,141699.9969,11.411279,0.37916783793083664,1164.978823,287,796095.0,30.375321,69.345116
Pakistan,2012,70.95861,38.2,38.13,1386720000.0,47.2,62.13,5.27,30.7,36.666668,3401.6624,4.89,143809.9976,4.3177876,0.4215015513824809,1198.117637,287,796095.0,30.375321,69.345116
Pakistan,2013,71.08277,39.6,39.54,244730000.0,48.13,67.27,4.4,33.26,35.890594,3661.0076,4.8,146059.9976,11.522516,0.47113406178776585,1208.91771,287,796095.0,30.375321,69.345116
Pakistan,2014,71.22474,41.0,40.52,552100000.0,47.22,68.28,4.58,34.48,36.38905,3725.9507,4.79,154240.0055,11.496394,0.4866613301601672,1251.175719,287,796095.0,30.375321,69.345116
Pakistan,2015,71.381546,42.1,40.74,1232650000.0,45.88,71.17,4.33,36.82,36.636395,3867.1926,4.71,164130.0049,11.174579,0.48981082494766615,1356.667831,287,796095.0,30.375321,69.345116
Pakistan,2016,71.550224,43.3,43.22,903830000.0,43.69,82.57,5.44,35.64,33.222805,4163.3916,4.68,181110.0006,11.086973,0.5342070667763001,1368.426961,287,796095.0,30.375321,69.345116
Pakistan,2017,70.79,44.8,44.33,3386850000.0,42.09,91.08,8.11,32.39,30.779753,4348.8296,4.65,198830.0018,9.67495,0.5357439710661122,1464.926195,287,796095.0,30.375321,69.345116
Pakistan,2018,72.783104,46.3,57.47,99120000.0,43.3,87.95,9.29,42.66,37.133667,4419.1685,4.48,187309.9976,9.416381,0.5514882414074466,1482.213067,287,796095.0,30.375321,69.345116
Pakistan,2019,74.12769,47.8,56.71,302840000.0,43.36,86.44,9.07,40.52,36.455193,4400.1157,4.59,190570.0073,11.015738,0.2896789563405146,1288.556325,287,796095.0,30.375321,69.345116
Peru,2000,72.4965,43.1,109.35,1070000.0,38.57,3.47,0.0,16.07,82.241554,5528.503,3.32,28630.0,32.495964,0.37615254803586506,1955.588006,26,1285216.0,-9.189967,-75.015152
Peru,2001,72.11311,45.7,112.09,190000.0,41.23,2.94,0.0,17.48,85.60235,5407.2314,3.19,26540.0,35.526463,0.2602787236955099,1941.475342,26,1285216.0,-9.189967,-75.015152
Peru,2002,74.38269,48.7,112.0,88200000.0,40.21,3.66,0.0,17.93,83.04771,5472.09,3.03,27729.99954,35.351955,0.5301218995349812,2021.240038,26,1285216.0,-9.189967,-75.015152
Peru,2003,74.38097,51.2,112.52,280000.0,40.91,4.05,0.0,18.44,81.992,5345.9004,2.86,27159.99985,36.600243,0.45821937142387553,2145.643889,26,1285216.0,-9.189967,-75.015152
Peru,2004,75.69236,53.8,112.37,110000.0,37.83,6.36,0.0,17.49,73.333336,5642.6665,2.96,31239.99977,32.297504,0.5024812227591038,2417.034363,26,1285216.0,-9.189967,-75.015152
Peru,2005,77.173645,56.2,116.85,290000.0,38.35,7.29,0.0,18.05,71.23125,5816.902,2.95,31290.00092,31.84631,0.5765238706263276,2729.499172,26,1285216.0,-9.189967,-75.015152
Peru,2006,80.15727,58.3,116.22,7550000.0,38.7,7.1,0.0,19.63,73.43808,5834.625,2.65,30840.00015,34.128056,0.6459338402121605,3154.331349,26,1285216.0,-9.189967,-75.015152
Peru,2007,81.98813,60.3,115.47,730000.0,36.05,9.68,0.0,19.46,66.78105,6303.5713,2.6,33810.00137,31.039616,0.701150309404397,3606.070689,26,1285216.0,-9.189967,-75.015152
Peru,2008,84.678345,62.3,115.22,970000.0,33.71,12.88,0.0,19.14,59.77514,6757.0254,2.62,38290.00092,28.021553,0.735088625991578,4220.616378,26,1285216.0,-9.189967,-75.015152
Peru,2009,86.42432,63.8,116.8,1520000.0,32.92,11.97,0.0,19.7,62.203983,6840.561,2.62,41169.99817,28.33369,0.28694874029888157,4196.311627,26,1285216.0,-9.189967,-75.015152
Peru,2010,88.12306,65.9,121.13,91150000.0,32.17,14.15,0.0,20.13,58.722286,7707.48,2.51,45000.0,25.21364,0.690774926665926,5082.353706,26,1285216.0,-9.189967,-75.015152
Peru,2011,89.70749,67.5,120.94,223960000.0,30.63,15.65,0.0,21.85,58.266666,8431.997,2.72,48430.00031,24.354307,0.5788749681910578,5869.323882,26,1285216.0,-9.189967,-75.015152
Peru,2012,91.09951,69.7,125.33,238880000.0,30.8,16.72,0.0,21.69,56.46967,8629.543,2.75,48119.99893,24.011053,0.5684137026918238,6528.971775,26,1285216.0,-9.189967,-75.015152
Peru,2013,92.13537,71.7,128.99,292670000.0,28.35,18.8,0.0,22.85,54.861942,8741.407,2.5,49750.0,24.136717,0.5523867099810399,6756.752996,26,1285216.0,-9.189967,-75.015152
Peru,2014,92.91999,73.7,136.2,279440000.0,28.56,20.41,0.0,23.06,53.048077,8856.475,2.57,53169.99817,23.94071,0.3587300593177514,6672.877373,26,1285216.0,-9.189967,-75.015152
Peru,2015,93.85218,75.8,154.29,84640000.0,27.43,21.39,0.0,24.86,53.75135,9171.356,2.57,54549.99924,24.024496,0.4072835727664804,6229.100674,26,1285216.0,-9.189967,-75.015152
Peru,2016,94.2,77.7,185.3,102310000.0,27.2,23.9,0.0,25.95,52.05617,9602.029,2.57,56860.00061,22.57668,0.446405623171996,6204.996457,26,1285216.0,-9.189967,-75.015152
Peru,2017,94.8,79.6,189.85,548830000.0,27.59,21.62,0.0,30.84,58.787647,9605.62,2.54,54270.00046,26.171818,0.3663571097840509,6710.507602,26,1285216.0,-9.189967,-75.015152
Peru,2018,95.2,81.5,194.51,68750000.0,27.89,21.4,0.0,33.28,60.863205,9887.749,2.56,54590.00015,26.795403,0.44728944021358924,6957.793411,26,1285216.0,-9.189967,-75.015152
Peru,2019,95.55136,83.25,203.26,1090000.0,27.12,22.16,0.0,34.41,60.827293,9949.632,2.6,56750.0,26.621336,0.3487869290274377,7027.612207,26,1285216.0,-9.189967,-75.015152
Philippines,2000,74.66169,37.9,48.53,12130000.0,33.42,24.29,0.0,19.37,44.365555,3945.0947,4.72,72100.0,18.595215,0.4703555091269866,1072.801752,368,300000.0,12.879721,121.774017
Philippines,2001,75.722946,39.15,48.53,30000.0,32.12,27.72,0.0,17.5,38.699688,3776.7449,4.36,70480.0,16.949202,0.39595481752264994,990.5659913,368,300000.0,12.879721,121.774017
Philippines,2002,76.77662,39.6,50.08,50390000.0,31.42,29.29,0.0,17.22,37.024296,3717.366,4.26,71569.99969,16.691975,0.4331767496388875,1036.158331,368,300000.0,12.879721,121.774017
Philippines,2003,76.6,40.1,54.3,29150000.0,30.67,33.03,0.0,17.64,34.8135,3758.5122,4.06,73629.99725,16.424408,0.5096635151507717,1048.008205,368,300000.0,12.879721,121.774017
Philippines,2004,87.6,40.9,53.26,5840000.0,29.96,34.83,0.0,18.82,35.079216,3771.797,3.78,75139.99939,16.852709,0.5923813165998688,1121.490006,368,300000.0,12.879721,121.774017
Philippines,2005,79.91562,40.9,52.65,11820000.0,31.17,35.94,0.0,18.25,33.677803,3713.3245,3.7,76669.99817,16.317411,0.5016052218805399,1244.348741,368,300000.0,12.879721,121.774017
Philippines,2006,80.18,41.4,51.72,27510000.0,33.24,34.12,0.0,20.39,37.405983,3471.6638,3.49,69470.00122,18.684961,0.5224706279866406,1452.438089,368,300000.0,12.879721,121.774017
Philippines,2007,82.01391,40.9,50.86,167610000.0,32.57,38.29,0.0,18.8,32.930458,3535.2363,3.33,73220.00122,16.430105,0.5895946827460639,1744.639979,368,300000.0,12.879721,121.774017
Philippines,2009,84.3,40.9,49.67,3860000.0,33.98,39.1,0.0,20.26,34.130726,3563.5925,3.22,76300.00305,16.679699,0.30661927518167953,1904.196388,368,300000.0,12.879721,121.774017
Philippines,2010,85.397644,40.7,51.19,80870000.0,32.59,46.55,0.0,18.15,28.052551,3601.5786,3.14,81930.00031,14.187132,0.635085782259115,2217.472153,368,300000.0,12.879721,121.774017
Philippines,2011,87.2,40.6,50.41,810000.0,33.69,49.04,0.0,20.09,29.06119,3608.626,3.06,82629.99725,15.432299,0.4410995424934431,2450.735694,368,300000.0,12.879721,121.774017
Philippines,2012,87.08,40.7,49.88,1300000.0,34.06,51.82,0.0,21.06,28.896818,3668.3667,2.99,86180.00031,15.557659,0.6106692641112953,2694.305109,368,300000.0,12.879721,121.774017
Philippines,2013,87.5,40.9,49.12,53290000.0,33.05,55.06,0.0,20.18,26.82084,3865.761,2.89,95500.0,13.8471365,0.6024985616076733,2871.429701,368,300000.0,12.879721,121.774017
Philippines,2014,89.72037,42.0,52.54,9290000.0,32.33,57.07,0.0,20.18,26.122978,4002.7449,2.9,101819.9997,13.009114,0.5800353967238706,2959.645435,368,300000.0,12.879721,121.774017
Philippines,2015,89.08,42.2,55.08,22760000.0,30.75,60.82,0.0,21.59,26.198277,4314.0645,2.96,111010.0021,12.500741,0.5800533783575004,3001.043182,368,300000.0,12.879721,121.774017
Philippines,2016,92.066505,43.3,60.51,98890000.0,28.45,68.44,0.0,22.38,24.642149,4629.1177,2.93,121959.9991,11.97579,0.6247598104253304,3073.654686,368,300000.0,12.879721,121.774017
Philippines,2017,93.0,44.1,61.08,1510000.0,27.68,71.03,0.0,23.35,24.740412,4989.8896,2.89,133500.0,11.504091,0.6125686103656505,3123.245642,368,300000.0,12.879721,121.774017
Philippines,2018,94.448265,45.4,61.82,177920000.0,27.51,76.05,0.0,23.73,23.782322,5040.644,2.81,138570.0073,11.201896,0.5796725703322524,3252.110274,368,300000.0,12.879721,121.774017
Philippines,2019,95.64508,46.5,62.55,2000000.0,26.73,83.3,0.0,22.78,21.47436,5104.391,2.68,145419.9982,10.227248,0.56723073185533,3485.340844,368,300000.0,12.879721,121.774017
South Africa,2000,72.28246,55.9,27.76,7020000.0,16.25,181.67,13.01,1.79,7.5329566,25321.518,10.07,284660.0,0.40555847,0.4601711864215624,3374.718423,49,1219090.0,-30.559482,22.937506
South Africa,2001,70.2,57.8,28.16,1240000.0,15.62,183.36,10.72,2.46,6.706014,25228.531,9.48,320540.0,0.5403345,0.37646664108318945,2971.819769,49,1219090.0,-30.559482,22.937506
South Africa,2002,76.7,60.0,27.88,25560000.0,13.88,188.79,11.99,2.81,7.269512,24361.893,8.67,331320.0073,0.65354025,0.432290564149284,2797.087291,49,1219090.0,-30.559482,22.937506
South Africa,2004,80.9,64.4,20.04,40000.0,12.29,212.63,14.28,1.33,6.8392916,28271.896,9.88,379989.9902,0.29398483,0.4799567035596696,5409.133489,49,1219090.0,-30.559482,22.937506
South Africa,2005,80.8,66.8,19.79,13110000.0,10.98,215.23,12.24,1.75,6.103307,26508.63,9.03,377649.9939,0.40433392,0.5202739501295325,6033.101491,49,1219090.0,-30.559482,22.937506
South Africa,2006,80.7,69.0,19.54,7770000.0,10.74,223.25,10.07,3.28,5.642434,26793.564,8.72,379790.0085,0.72594017,0.5385078405759791,6266.533987,49,1219090.0,-30.559482,22.937506
South Africa,2007,82.0,71.4,19.38,1150000.0,10.36,232.91,12.6,1.3,5.6318626,27245.98,9.01,397059.9976,0.7023894,0.524929155033953,6780.884555,49,1219090.0,-30.559482,22.937506
South Africa,2008,81.9,73.5,19.23,1170000.0,11.55,226.32,12.75,1.66,5.9859595,28867.244,9.47,426739.9902,0.35045084,0.4038683778774669,6350.65271,49,1219090.0,-30.559482,22.937506
South Africa,2009,82.6,75.4,19.32,100000.0,10.97,218.17,11.57,1.86,5.798791,28399.283,9.74,404200.0122,0.38785627,0.1399684251417394,6532.736968,49,1219090.0,-30.559482,22.937506
South Africa,2010,82.9,77.1,19.38,261160000.0,11.77,227.57,12.9,2.51,6.342086,28247.576,8.83,425309.9976,0.31502998,0.3954247652976177,8148.961202,49,1219090.0,-30.559482,22.937506
South Africa,2011,83.6,78.8,19.17,265140000.0,11.36,229.06,12.94,2.49,6.311096,27552.764,8.7,409260.0098,0.6983461,0.4026135012651814,8810.930651,49,1219090.0,-30.559482,22.937506
South Africa,2012,85.3,80.2,18.98,484730000.0,10.6,226.84,12.4,1.66,5.836447,26770.203,8.14,426779.9988,0.3148212,0.3595154876930923,8222.197279,49,1219090.0,-30.559482,22.937506
South Africa,2013,85.2,81.5,27.93,409200000.0,9.77,223.28,13.61,1.62,6.3854766,26525.145,7.88,436920.0134,0.370654,0.36449510585724015,7467.079185,49,1219090.0,-30.559482,22.937506
South Africa,2014,85.9,82.65,49.69,202270000.0,9.85,218.42,14.76,3.38,7.668245,26411.893,8.2,447929.9927,0.81809825,0.3046942597566497,6988.808739,49,1219090.0,-30.559482,22.937506
South Africa,2015,85.3,83.4,61.91,725580000.0,10.28,214.88,10.97,6.09,7.3553505,25352.562,7.58,424809.9976,1.2246652,0.299562377890754,6259.839681,49,1219090.0,-30.559482,22.937506
South Africa,2016,83.9,84.4,82.73,201750000.0,10.53,213.09,15.21,7.69,9.703801,26236.475,7.91,425140.0146,1.6210166,0.26288249207964515,5756.965741,49,1219090.0,-30.559482,22.937506
South Africa,2017,84.4,85.2,114.85,26330000.0,10.45,212.77,15.09,10.04,10.563262,26033.504,7.86,435649.9939,2.406186,0.29041540829356216,6690.939847,49,1219090.0,-30.559482,22.937506
South Africa,2018,84.7,85.7,136.82,378180000.0,10.19,214.25,10.56,12.22,9.610598,24742.117,7.73,434350.0061,2.6591578,0.30881201674884107,7005.095413,49,1219090.0,-30.559482,22.937506
South Africa,2019,85.0,86.3,136.8,164100000.0,10.5,208.39,13.6,12.57,11.15706,25511.209,8.03,439640.0146,2.6449363,0.23210719844116257,6624.761865,49,1219090.0,-30.559482,22.937506
Sri Lanka,2000,70.2628,16.9,61.59,1470000.0,64.16,3.28,0.0,3.17,49.14729,2851.8083,3.12,10930.0,17.715664,0.5606184911333243,869.696285,341,65610.0,7.873054,80.771797
Sri Lanka,2001,63.6,17.5,61.78,3810000.0,62.93,3.44,0.0,3.09,47.32006,2750.116,3.06,10850.0,17.628239,0.1395600028195937,832.8035723,341,65610.0,7.873054,80.771797
Sri Lanka,2002,80.7,17.9,61.89,388260000.0,62.1,4.12,0.0,2.68,39.411762,2799.956,3.0,11390.00034,14.758176,0.44703937656755754,867.4914868,341,65610.0,7.873054,80.771797
Sri Lanka,2003,74.99882,18.5,65.33,40000.0,61.31,4.14,0.0,3.27,44.129555,2852.4663,3.0,12409.99985,17.510588,0.5572834742612974,982.195697,341,65610.0,7.873054,80.771797
Sri Lanka,2004,76.56858,18.7,66.56,130000.0,61.61,4.94,0.0,2.94,37.309643,2745.2893,2.88,12869.99989,16.025322,0.5296493784483762,1065.784437,341,65610.0,7.873054,80.771797
Sri Lanka,2005,78.13781,19.5,66.64,24750000.0,60.08,5.5,0.0,3.43,38.409855,3140.5315,2.78,13979.99954,16.077099,0.57410691415796,1248.698185,341,65610.0,7.873054,80.771797
Sri Lanka,2006,82.05,19.8,67.32,90000.0,62.18,4.55,0.0,3.86,45.897743,3338.2832,2.6,12399.99962,19.959389,0.653712383963573,1435.816813,341,65610.0,7.873054,80.771797
Sri Lanka,2007,80.0,20.3,67.2,38210000.0,60.2,5.57,0.0,3.94,41.430073,3358.7993,2.48,13590.00015,16.628553,0.6050819526782899,1630.388906,341,65610.0,7.873054,80.771797
Sri Lanka,2008,82.86739,20.9,68.42,120000.0,61.58,5.46,0.0,4.16,43.243244,3134.0298,2.28,12810.00042,18.3665,0.5578314079535202,2037.322103,341,65610.0,7.873054,80.771797
Sri Lanka,2009,87.09,21.3,69.79,11750000.0,63.51,5.67,0.0,3.94,40.998962,3147.0713,2.24,12289.99996,17.016684,0.4232804757021442,2090.401826,341,65610.0,7.873054,80.771797
Sri Lanka,2010,85.3,21.7,71.14,44570000.0,61.85,4.76,0.0,5.69,54.44976,3368.2034,2.21,13069.99969,22.894518,0.6731137287675452,2799.648738,341,65610.0,7.873054,80.771797
Sri Lanka,2011,87.76,22.3,72.11,7090000.0,59.25,6.47,0.0,4.72,42.180515,3623.197,2.21,15420.00008,17.231127,0.6948080300707004,3200.861132,341,65610.0,7.873054,80.771797
Sri Lanka,2012,87.0,23.0,82.19,225580000.0,60.7,7.89,0.0,3.48,30.606861,3708.9927,2.18,16850.00038,12.257574,0.7360933006779229,3350.521876,341,65610.0,7.873054,80.771797
Sri Lanka,2013,90.2,24.0,83.7,2340000.0,59.88,4.52,0.0,7.14,61.234993,3748.5815,1.87,14479.99954,24.80347,0.41529063115418097,3610.289363,341,65610.0,7.873054,80.771797
Sri Lanka,2014,92.660515,24.8,88.37,119750000.0,57.31,7.1,0.0,4.87,40.685043,4007.7144,1.93,17600.00038,15.6329,0.5026205844654539,3819.25353,341,65610.0,7.873054,80.771797
Sri Lanka,2015,94.35187,25.75,89.82,450000.0,52.89,6.38,0.0,6.34,49.842766,4476.9307,1.94,20360.00061,18.154892,0.5052423622173248,3843.780672,341,65610.0,7.873054,80.771797
Sri Lanka,2016,97.5,26.9,92.86,61260000.0,50.92,9.01,0.0,4.68,34.185535,4878.142,1.91,21930.00031,12.23384,0.47616626175218446,3886.291502,341,65610.0,7.873054,80.771797
Sri Lanka,2017,97.5,28.2,96.99,211630000.0,49.33,10.1,0.0,4.59,31.245747,4726.284,1.81,23360.00061,12.293098,0.4254711701909464,4077.043841,341,65610.0,7.873054,80.771797
Sri Lanka,2018,99.56487,29.4,101.89,200450000.0,51.4,7.92,0.0,7.04,47.058823,4876.866,1.76,21690.00053,18.060566,0.4083860010805942,4059.20823,341,65610.0,7.873054,80.771797
Sri Lanka,2019,99.75857,30.6,103.77,170000.0,49.91,10.18,0.0,5.71,35.934547,4973.5986,1.78,23780.00069,14.141156,0.35164414350247647,3852.265603,341,65610.0,7.873054,80.771797
Thailand,2000,82.1,56.9,56.77,150000.0,21.82,83.15,0.0,6.38,7.126103,11764.549,4.93,164490.0,2.5746095,0.47441474481178303,2007.735271,137,513120.0,15.870032,100.992541
Thailand,2001,90.45138,58.6,56.24,6490000.0,19.89,88.97,0.0,6.76,7.061527,12293.458,4.9,173160.0,2.5714476,0.4179979910558913,1893.264239,137,513120.0,15.870032,100.992541
Thailand,2002,91.08022,61.1,55.92,10660000.0,19.91,93.51,0.0,8.07,7.944477,13208.064,5.1,184240.0055,2.8180337,0.5689333040137562,2096.187802,137,513120.0,15.870032,100.992541
Thailand,2003,91.70383,63.0,55.6,3650000.0,20.21,100.61,0.0,8.36,7.6718354,14080.671,5.15,191929.9927,2.7227082,0.6269800206434809,2359.116831,137,513120.0,15.870032,100.992541
Thailand,2004,92.32455,64.6,57.08,1520000.0,19.89,109.46,0.0,7.63,6.516355,15161.756,5.24,210190.0024,2.3133497,0.5767628090454427,2660.126835,137,513120.0,15.870032,100.992541
Thailand,2006,99.1462,68.2,61.55,100000.0,20.53,119.41,0.0,9.82,7.598855,15733.904,5.03,219880.0049,2.9778264,0.5030173607510022,3369.543198,137,513120.0,15.870032,100.992541
Thailand,2007,94.19337,69.6,66.31,440000.0,21.61,122.12,0.0,10.2,7.708585,16149.867,4.95,224589.9963,2.9363692,0.5290963934658609,3973.017172,137,513120.0,15.870032,100.992541
Thailand,2008,94.82717,71.1,69.67,4660000.0,22.63,127.43,0.0,8.95,6.562546,16027.417,4.99,227580.0018,2.9482808,0.3220976845413631,4379.658787,137,513120.0,15.870032,100.992541
Thailand,2009,98.96,72.6,70.66,1720000.0,22.83,128.09,0.0,9.09,6.626331,16344.104,5.0,220259.9945,3.0501225,0.187259869525622,4213.006654,137,513120.0,15.870032,100.992541
Thailand,2010,99.7,73.6,71.57,4140000.0,22.83,141.72,0.0,8.58,5.708583,17299.504,5.1,234380.0049,2.8064702,0.6450684183046507,5076.339872,137,513120.0,15.870032,100.992541
Thailand,2011,99.35184,74.7,74.96,288270000.0,22.96,135.31,0.0,11.83,8.039962,17644.098,5.05,233600.0061,3.4573398,0.27268037556443914,5492.1215,137,513120.0,15.870032,100.992541
Thailand,2012,99.10863,75.9,84.0,119370000.0,23.56,143.73,0.0,13.42,8.539612,18817.51,5.05,250679.9927,3.7705746,0.6299684346830532,5860.581471,137,513120.0,15.870032,100.992541
Thailand,2013,99.440575,77.1,98.33,54650000.0,23.21,148.29,0.0,12.33,7.6765037,18809.137,5.28,260700.0122,3.859155,0.3757688556077897,6168.261356,137,513120.0,15.870032,100.992541
Thailand,2014,99.461945,77.9,108.21,4370000.0,24.41,149.26,0.0,13.68,8.395728,19310.582,5.2,256799.9878,4.2589955,0.2807348053118757,5951.883487,137,513120.0,15.870032,100.992541
Thailand,2015,99.6,78.9,115.96,55520000.0,22.65,153.4,0.0,13.33,7.994962,19661.768,5.07,264000.0,4.1909814,0.4006877928223197,5840.053067,137,513120.0,15.870032,100.992541
Thailand,2016,99.84996,80.1,136.9,420000.0,22.43,161.79,0.0,15.97,8.984024,19981.582,5.02,261600.0061,4.5999756,0.4174906693581609,5993.305516,137,513120.0,15.870032,100.992541
Thailand,2017,99.9,80.8,148.0,1990000.0,22.25,161.88,0.0,19.92,10.957095,20264.654,4.79,258820.0073,5.3063264,0.45892572032068185,6593.818352,137,513120.0,15.870032,100.992541
Thailand,2018,99.82,81.7,163.82,296130000.0,23.7,156.26,0.0,25.84,14.190005,20834.088,4.5,257049.9878,6.3802214,0.45959002548465033,7296.879608,137,513120.0,15.870032,100.992541
Thailand,2019,99.9,82.7,170.3,99160000.0,23.96,162.59,0.0,28.02,14.700173,20792.385,4.52,267089.9963,6.9562197,0.3522723261931404,7817.009671,137,513120.0,15.870032,100.992541
Turkmenistan,2009,99.596054,99.8,0.24,30000.0,0.08,15.02,0.0,0.0,0.0,44702.367,20.74,52389.99939,0.003802033,0.5661969501410297,4036.456805,13,488100.0,38.969719,59.556278
Turkmenistan,2013,99.912094,99.9,0.22,5940000.0,0.06,17.74,0.0,0.0,0.0,48244.71,17.83,70220.00122,0.005074127,0.794989373076342,7304.285771,13,488100.0,38.969719,59.556278
Turkmenistan,2014,99.935104,99.9,0.22,50000.0,0.05,19.18,0.0,0.0,0.0,49096.004,16.5,71400.00153,0.006114262,0.8005696688407861,7962.244925,13,488100.0,38.969719,59.556278
Turkmenistan,2015,100.0,99.9,0.22,120000.0,0.05,21.18,0.0,0.0,0.0,57717.438,16.0,73400.00153,0.006777034,0.5885181507767605,6432.685325,13,488100.0,38.969719,59.556278
Turkmenistan,2016,99.9899,99.9,0.21,80000.0,0.05,21.18,0.0,0.0,0.0,56153.7,15.04,73339.99634,0.00823534,0.5717772448452162,6387.682575,13,488100.0,38.969719,59.556278
Turkmenistan,2017,99.99625,99.9,0.21,60000.0,0.06,21.18,0.0,0.0,0.0,54625.52,14.13,73120.00275,0.008254031,0.5885181584217757,6587.092604,13,488100.0,38.969719,59.556278
Turkmenistan,2018,100.0,99.9,0.2,0.0,0.06,21.18,0.0,0.0,0.0,59849.832,13.33,73050.00305,0.007368346,0.5717772434501405,6967.375043,13,488100.0,38.969719,59.556278
Turkmenistan,2019,99.9,99.9,0.2,40000.0,0.06,21.18,0.0,0.0,0.0,57961.055,12.87,72870.00275,0.006747688,0.5773575497613572,7612.03518,13,488100.0,38.969719,59.556278
Uzbekistan,2004,99.7045,84.6,67.15,220000.0,1.05,38.48,0.0,8.92,18.818565,21485.61,23.29,124839.9963,3.319612,0.6414752652086391,465.1198869,79,447400.0,41.377491,64.585262
Uzbekistan,2007,99.774536,85.3,62.86,25500000.0,0.9,40.0,0.0,4.61,10.334005,20663.172,17.64,122580.0018,3.2355347,0.7544208605841618,830.4076942,79,447400.0,41.377491,64.585262
Uzbekistan,2012,99.98982,85.8,61.88,94470000.0,1.34,43.56,0.0,6.59,13.140578,18406.984,11.04,113139.9994,3.2085803,0.6221364060151293,2267.623275,79,447400.0,41.377491,64.585262
Uzbekistan,2013,99.99887,85.5,60.9,196820000.0,1.19,45.97,0.0,5.65,10.945371,18200.295,10.15,111860.0006,3.133465,0.6329680801427084,2419.718703,79,447400.0,41.377491,64.585262
Uzbekistan,2015,100.0,85.35,60.83,270000.0,1.71,47.55,0.0,7.0,12.832264,17386.195,7.86,99169.99817,3.0129926,0.628627895564565,2753.971072,79,447400.0,41.377491,64.585262
Uzbekistan,2016,100.0,85.2,59.88,690000.0,1.61,48.75,0.0,7.25,12.946428,16374.342,7.82,105230.0034,3.567936,0.5568304497489858,2704.677188,79,447400.0,41.377491,64.585262
Uzbekistan,2017,100.0,84.9,58.24,60130000.0,1.75,49.71,0.0,8.35,14.381675,16642.676,7.88,109529.9988,3.9722855,0.4710681026060831,1916.764642,79,447400.0,41.377491,64.585262
Uzbekistan,2018,100.0,84.3,59.09,84130000.0,1.49,53.58,0.0,5.85,9.8435135,16445.74,9.05,112470.0012,2.9270332,0.5246235125743082,1597.068337,79,447400.0,41.377491,64.585262
Uzbekistan,2019,100.0,84.6,57.96,65940000.0,1.57,53.64,0.0,6.47,10.7636,16212.221,8.37,116709.9991,3.1970327,0.5444132388233764,1784.009816,79,447400.0,41.377491,64.585262
